index,Tournament,OpponentPlayer,Set,TotalGame,Server,WinLose,FirstSecond,Cource,Speed,AceDbF,ScoreServer,ScoreReturner,Side,WonA,WonB
0,201908全米オープン,アレックス・デ=ミノー,1,1,圭,×,1,c,175,,0,0,Deuce,0,1
1,201908全米オープン,アレックス・デ=ミノー,1,1,圭,○,1,w,,,0,15,Ad,1,0
2,201908全米オープン,アレックス・デ=ミノー,1,1,圭,×,2,w,143,,15,15,Deuce,0,1
3,201908全米オープン,アレックス・デ=ミノー,1,1,圭,×,1,c,,,15,30,Ad,0,1
4,201908全米オープン,アレックス・デ=ミノー,1,1,圭,○,2,c,138,,15,40,Deuce,1,0
5,201908全米オープン,アレックス・デ=ミノー,1,1,圭,×,1,w,168,,30,40,Ad,0,1
12,201908全米オープン,アレックス・デ=ミノー,1,2,簑,×,1,w,175,,0,0,Deuce,0,1
13,201908全米オープン,アレックス・デ=ミノー,1,2,簑,×,1,b,,,0,15,Ad,0,1
14,201908全米オープン,アレックス・デ=ミノー,1,2,簑,○,2,w,140,,0,30,Deuce,1,0
15,201908全米オープン,アレックス・デ=ミノー,1,2,簑,×,1,b,202,,15,30,Ad,0,1
16,201908全米オープン,アレックス・デ=ミノー,1,2,簑,×,1,c,,,15,40,Deuce,0,1
28,201908全米オープン,アレックス・デ=ミノー,1,3,圭,×,1,w,170,,0,0,Deuce,0,1
29,201908全米オープン,アレックス・デ=ミノー,1,3,圭,○,1,c,,,0,15,Ad,1,0
30,201908全米オープン,アレックス・デ=ミノー,1,3,圭,×,2,w,144,,15,15,Deuce,0,1
31,201908全米オープン,アレックス・デ=ミノー,1,3,圭,○,1,w,164,,15,30,Ad,1,0
32,201908全米オープン,アレックス・デ=ミノー,1,3,圭,×,1,c,,,30,30,Deuce,0,1
33,201908全米オープン,アレックス・デ=ミノー,1,3,圭,○,2,w,140,,30,40,Ad,1,0
34,201908全米オープン,アレックス・デ=ミノー,1,3,圭,×,1,w,159,,40,40,Deuce,0,1
35,201908全米オープン,アレックス・デ=ミノー,1,3,圭,○,1,w,,,40,Ad,Ad,1,0
37,201908全米オープン,アレックス・デ=ミノー,1,3,圭,×,1,c,,,Ad,40,Ad,0,1
67,201908全米オープン,アレックス・デ=ミノー,1,4,簑,○,1,w,,,0,0,Deuce,1,0
68,201908全米オープン,アレックス・デ=ミノー,1,4,簑,×,2,c,152,,15,0,Ad,0,1
69,201908全米オープン,アレックス・デ=ミノー,1,4,簑,○,1,c,173,,15,15,Deuce,1,0
70,201908全米オープン,アレックス・デ=ミノー,1,4,簑,×,1,b,,,30,15,Ad,0,1
71,201908全米オープン,アレックス・デ=ミノー,1,4,簑,○,2,c,159,,30,30,Deuce,1,0
102,201908全米オープン,アレックス・デ=ミノー,1,5,経,○,1,c,173,,0,0,Deuce,1,0
103,201908全米オープン,アレックス・デ=ミノー,1,5,経,○,1,b,168,,15,0,Ad,1,0
104,201908全米オープン,アレックス・デ=ミノー,1,5,経,○,1,c,,,30,0,Deuce,1,0
105,201908全米オープン,アレックス・デ=ミノー,1,5,経,○,2,c,148,,40,0,Ad,1,0
140,201908全米オープン,アレックス・デ=ミノー,1,6,簑,○,1,c,,,0,0,Deuce,1,0
141,201908全米オープン,アレックス・デ=ミノー,1,6,簑,×,1,w,,,15,0,Ad,0,1
142,201908全米オープン,アレックス・デ=ミノー,1,6,簑,×,1,b,,,15,15,Deuce,0,1
143,201908全米オープン,アレックス・デ=ミノー,1,6,簑,○,2,w,138,,15,30,Ad,1,0
144,201908全米オープン,アレックス・デ=ミノー,1,6,簑,×,1,c,193,,30,30,Deuce,0,1
145,201908全米オープン,アレックス・デ=ミノー,1,6,簑,×,1,c,188,,30,40,Ad,0,1
186,201908全米オープン,アレックス・デ=ミノー,1,7,圭,×,1,c,186,,0,0,Deuce,0,1
187,201908全米オープン,アレックス・デ=ミノー,1,7,圭,×,1,c,,,0,15,Ad,0,1
188,201908全米オープン,アレックス・デ=ミノー,1,7,圭,×,2,c,143,,0,30,Deuce,0,1
189,201908全米オープン,アレックス・デ=ミノー,1,7,圭,×,1,c,,,0,40,Ad,0,1
234,201908全米オープン,アレックス・デ=ミノー,1,8,簑,○,1,c,,,0,0,Deuce,1,0
235,201908全米オープン,アレックス・デ=ミノー,1,8,簑,○,2,c,152,,15,0,Ad,1,0
236,201908全米オープン,アレックス・デ=ミノー,1,8,簑,○,1,c,,,30,0,Deuce,1,0
237,201908全米オープン,アレックス・デ=ミノー,1,8,簑,×,2,b,148,,40,0,Ad,0,1
238,201908全米オープン,アレックス・デ=ミノー,1,8,簑,×,1,w,160,,40,15,Deuce,0,1
239,201908全米オープン,アレックス・デ=ミノー,1,8,簑,×,1,w,,,40,30,Ad,0,1
240,201908全米オープン,アレックス・デ=ミノー,1,8,簑,×,2,w,151,,40,40,Deuce,0,1
241,201908全米オープン,アレックス・デ=ミノー,1,8,簑,×,1,w,160,,40,Ad,Ad,0,1
0,201908全米オープン,アレックス・デ=ミノー,2,1,圭,×,1,w,,,0,0,Deuce,0,1
1,201908全米オープン,アレックス・デ=ミノー,2,1,圭,○,2,c,140,,0,15,Ad,1,0
2,201908全米オープン,アレックス・デ=ミノー,2,1,圭,×,1,c,162,,15,15,Deuce,0,1
3,201908全米オープン,アレックス・デ=ミノー,2,1,圭,○,1,w,,,15,30,Ad,1,0
4,201908全米オープン,アレックス・デ=ミノー,2,1,圭,×,1,w,,,30,30,Deuce,0,1
5,201908全米オープン,アレックス・デ=ミノー,2,1,圭,○,2,w,112,,30,40,Ad,1,0
6,201908全米オープン,アレックス・デ=ミノー,2,1,圭,×,1,c,,,40,40,Deuce,0,1
7,201908全米オープン,アレックス・デ=ミノー,2,1,圭,×,2,c,133,,40,Ad,Ad,0,1
16,201908全米オープン,アレックス・デ=ミノー,2,2,簑,×,1,w,167,,0,0,Deuce,0,1
17,201908全米オープン,アレックス・デ=ミノー,2,2,簑,×,1,b,,,0,15,Ad,0,1
18,201908全米オープン,アレックス・デ=ミノー,2,2,簑,×,2,b,141,,0,30,Deuce,0,1
19,201908全米オープン,アレックス・デ=ミノー,2,2,簑,×,1,c,197,,0,40,Ad,0,1
32,201908全米オープン,アレックス・デ=ミノー,2,3,圭,○,1,w,,,0,0,Deuce,1,0
33,201908全米オープン,アレックス・デ=ミノー,2,3,圭,○,2,c,151,,15,0,Ad,1,0
34,201908全米オープン,アレックス・デ=ミノー,2,3,圭,×,1,w,,,30,0,Deuce,0,1
35,201908全米オープン,アレックス・デ=ミノー,2,3,圭,○,2,w,136,,30,15,Ad,1,0
36,201908全米オープン,アレックス・デ=ミノー,2,3,圭,×,1,c,191,,40,15,Deuce,0,1
37,201908全米オープン,アレックス・デ=ミノー,2,3,圭,○,2,c,151,,40,30,Ad,1,0
56,201908全米オープン,アレックス・デ=ミノー,2,4,簑,×,1,c,188,,0,0,Deuce,0,1
57,201908全米オープン,アレックス・デ=ミノー,2,4,簑,○,1,w,,,0,15,Ad,1,0
58,201908全米オープン,アレックス・デ=ミノー,2,4,簑,×,2,w,148,,15,15,Deuce,0,1
59,201908全米オープン,アレックス・デ=ミノー,2,4,簑,○,1,w,,,15,30,Ad,1,0
60,201908全米オープン,アレックス・デ=ミノー,2,4,簑,×,2,c,151,,30,30,Deuce,0,1
61,201908全米オープン,アレックス・デ=ミノー,2,4,簑,○,1,c,173,,30,40,Ad,1,0
62,201908全米オープン,アレックス・デ=ミノー,2,4,簑,×,1,c,185,,40,40,Deuce,0,1
63,201908全米オープン,アレックス・デ=ミノー,2,4,簑,×,1,b,157,,40,Ad,Ad,0,1
90,201908全米オープン,アレックス・デ=ミノー,2,5,圭,○,1,c,170,,0,0,Deuce,1,0
91,201908全米オープン,アレックス・デ=ミノー,2,5,圭,○,1,c,172,,15,0,Ad,1,0
92,201908全米オープン,アレックス・デ=ミノー,2,5,圭,○,1,w,154,,30,0,Deuce,1,0
93,201908全米オープン,アレックス・デ=ミノー,2,5,圭,×,1,w,125,,40,0,Ad,0,1
94,201908全米オープン,アレックス・デ=ミノー,2,5,圭,×,1,b,,,40,15,Deuce,0,1
95,201908全米オープン,アレックス・デ=ミノー,2,5,圭,×,2,d,,,40,30,Ad,0,1
96,201908全米オープン,アレックス・デ=ミノー,2,5,圭,×,1,w,167,,40,40,Deuce,0,1
97,201908全米オープン,アレックス・デ=ミノー,2,5,圭,○,1,w,156,,40,Ad,Ad,1,0
99,201908全米オープン,アレックス・デ=ミノー,2,5,圭,×,1,w,138,,Ad,40,Ad,0,1
144,201908全米オープン,アレックス・デ=ミノー,2,6,簑,×,1,w,178,,0,0,Deuce,0,1
145,201908全米オープン,アレックス・デ=ミノー,2,6,簑,×,1,c,,,0,15,Ad,0,1
146,201908全米オープン,アレックス・デ=ミノー,2,6,簑,×,2,w,138,,0,30,Deuce,0,1
147,201908全米オープン,アレックス・デ=ミノー,2,6,簑,○,1,w,188,,0,40,Ad,1,0
148,201908全米オープン,アレックス・デ=ミノー,2,6,簑,○,1,w,,,15,40,Deuce,1,0
149,201908全米オープン,アレックス・デ=ミノー,2,6,簑,○,2,w,140,,30,40,Ad,1,0
150,201908全米オープン,アレックス・デ=ミノー,2,6,簑,×,1,w,167,,40,40,Deuce,0,1
151,201908全米オープン,アレックス・デ=ミノー,2,6,簑,×,1,c,,,40,Ad,Ad,0,1
200,201908全米オープン,アレックス・デ=ミノー,2,7,圭,○,1,w,,,0,0,Deuce,1,0
201,201908全米オープン,アレックス・デ=ミノー,2,7,圭,×,2,w,146,,15,0,Ad,0,1
202,201908全米オープン,アレックス・デ=ミノー,2,7,圭,○,1,c,,,15,15,Deuce,1,0
203,201908全米オープン,アレックス・デ=ミノー,2,7,圭,×,2,w,133,,30,15,Ad,0,1
204,201908全米オープン,アレックス・デ=ミノー,2,7,圭,○,1,c,,,30,30,Deuce,1,0
258,201908全米オープン,アレックス・デ=ミノー,2,8,簑,×,1,c,196,,0,0,Deuce,0,1
259,201908全米オープン,アレックス・デ=ミノー,2,8,簑,×,1,w,,,0,15,Ad,0,1
260,201908全米オープン,アレックス・デ=ミノー,2,8,簑,○,2,w,133,,0,30,Deuce,1,0
261,201908全米オープン,アレックス・デ=ミノー,2,8,簑,○,1,c,191,,15,30,Ad,1,0
262,201908全米オープン,アレックス・デ=ミノー,2,8,簑,○,1,w,,,30,30,Deuce,1,0
263,201908全米オープン,アレックス・デ=ミノー,2,8,簑,○,1,w,,,40,30,Ad,1,0
317,201908全米オープン,アレックス・デ=ミノー,2,7,圭,○,2,c,143,,40,30,Ad,1,0
324,201908全米オープン,アレックス・デ=ミノー,2,9,圭,×,1,c,170,,0,0,Deuce,0,1
325,201908全米オープン,アレックス・デ=ミノー,2,9,圭,○,1,c,,,0,15,Ad,1,0
326,201908全米オープン,アレックス・デ=ミノー,2,9,圭,○,2,w,125,,15,15,Deuce,1,0
327,201908全米オープン,アレックス・デ=ミノー,2,9,圭,○,1,b,164,,30,15,Ad,1,0
328,201908全米オープン,アレックス・デ=ミノー,2,9,圭,×,1,c,178,,40,15,Deuce,0,1
329,201908全米オープン,アレックス・デ=ミノー,2,9,圭,×,1,w,,,40,30,Ad,0,1
330,201908全米オープン,アレックス・デ=ミノー,2,9,圭,×,2,c,138,,40,40,Deuce,0,1
331,201908全米オープン,アレックス・デ=ミノー,2,9,圭,×,1,w,159,,40,Ad,Ad,0,1
400,201908全米オープン,アレックス・デ=ミノー,2,10,簑,×,1,w,,,0,0,Deuce,0,1
401,201908全米オープン,アレックス・デ=ミノー,2,10,簑,×,2,b,152,,0,15,Ad,0,1
402,201908全米オープン,アレックス・デ=ミノー,2,10,簑,○,1,c,135,,0,30,Deuce,1,0
403,201908全米オープン,アレックス・デ=ミノー,2,10,簑,×,1,c,,,15,30,Ad,0,1
404,201908全米オープン,アレックス・デ=ミノー,2,10,簑,○,1,w,168,,15,40,Deuce,1,0
405,201908全米オープン,アレックス・デ=ミノー,2,10,簑,○,1,c,,,30,40,Ad,1,0
406,201908全米オープン,アレックス・デ=ミノー,2,10,簑,×,2,b,156,,40,40,Deuce,0,1
407,201908全米オープン,アレックス・デ=ミノー,2,10,簑,○,1,w,173,,40,Ad,Ad,1,0
0,201908全米オープン,アレックス・デ=ミノー,3,1,圭,○,1,b,156,,0,0,Deuce,1,0
1,201908全米オープン,アレックス・デ=ミノー,3,1,圭,×,1,w,,,15,0,Ad,0,1
2,201908全米オープン,アレックス・デ=ミノー,3,1,圭,○,2,w,140,,15,15,Deuce,1,0
3,201908全米オープン,アレックス・デ=ミノー,3,1,圭,○,1,w,159,,30,15,Ad,1,0
4,201908全米オープン,アレックス・デ=ミノー,3,1,圭,×,1,w,159,,40,15,Deuce,0,1
5,201908全米オープン,アレックス・デ=ミノー,3,1,圭,○,1,c,164,,40,30,Ad,1,0
12,201908全米オープン,アレックス・デ=ミノー,3,2,簑,×,1,c,189,,0,0,Deuce,0,1
13,201908全米オープン,アレックス・デ=ミノー,3,2,簑,×,1,w,188,Aw,0,15,Ad,0,1
14,201908全米オープン,アレックス・デ=ミノー,3,2,簑,×,1,w,170,,0,30,Deuce,0,1
15,201908全米オープン,アレックス・デ=ミノー,3,2,簑,×,1,b,,,0,40,Ad,0,1
26,201908全米オープン,アレックス・デ=ミノー,3,3,圭,×,1,c,168,,0,0,Deuce,0,1
27,201908全米オープン,アレックス・デ=ミノー,3,3,圭,○,1,w,162,,0,15,Ad,1,0
28,201908全米オープン,アレックス・デ=ミノー,3,3,圭,×,1,c,180,,15,15,Deuce,0,1
29,201908全米オープン,アレックス・デ=ミノー,3,3,圭,×,1,w,,,15,30,Ad,0,1
30,201908全米オープン,アレックス・デ=ミノー,3,3,圭,○,1,w,148,,15,40,Deuce,1,0
31,201908全米オープン,アレックス・デ=ミノー,3,3,圭,○,1,c,172,,30,40,Ad,1,0
32,201908全米オープン,アレックス・デ=ミノー,3,3,圭,○,1,c,,,40,40,Deuce,1,0
33,201908全米オープン,アレックス・デ=ミノー,3,3,圭,○,2,c,131,,Ad,40,Ad,1,0
52,201908全米オープン,アレックス・デ=ミノー,3,4,簑,○,1,c,186,,0,0,Deuce,1,0
53,201908全米オープン,アレックス・デ=ミノー,3,4,簑,○,1,c,,,15,0,Ad,1,0
54,201908全米オープン,アレックス・デ=ミノー,3,4,簑,×,2,b,131,,30,0,Deuce,0,1
55,201908全米オープン,アレックス・デ=ミノー,3,4,簑,○,1,w,168,,30,15,Ad,1,0
56,201908全米オープン,アレックス・デ=ミノー,3,4,簑,○,1,w,,,40,15,Deuce,1,0
80,201908全米オープン,アレックス・デ=ミノー,3,5,圭,○,1,c,,,0,0,Deuce,1,0
81,201908全米オープン,アレックス・デ=ミノー,3,5,圭,×,2,b,143,,15,0,Ad,0,1
82,201908全米オープン,アレックス・デ=ミノー,3,5,圭,×,1,w,164,,15,15,Deuce,0,1
83,201908全米オープン,アレックス・デ=ミノー,3,5,圭,○,1,b,148,,15,30,Ad,1,0
84,201908全米オープン,アレックス・デ=ミノー,3,5,圭,○,1,w,165,,30,30,Deuce,1,0
85,201908全米オープン,アレックス・デ=ミノー,3,5,圭,×,1,w,,,40,30,Ad,0,1
86,201908全米オープン,アレックス・デ=ミノー,3,5,圭,○,2,c,131,,40,40,Deuce,1,0
87,201908全米オープン,アレックス・デ=ミノー,3,5,圭,×,1,w,,,Ad,40,Ad,0,1
91,201908全米オープン,アレックス・デ=ミノー,3,5,圭,○,1,b,160,,40,Ad,Ad,1,0
131,201908全米オープン,アレックス・デ=ミノー,3,6,簑,×,1,w,160,,0,0,Deuce,0,1
132,201908全米オープン,アレックス・デ=ミノー,3,6,簑,×,1,c,177,,0,15,Ad,0,1
133,201908全米オープン,アレックス・デ=ミノー,3,6,簑,×,1,w,1530,,0,30,Deuce,0,1
134,201908全米オープン,アレックス・デ=ミノー,3,6,簑,×,,,1530,,0,40,Ad,0,1
176,201908全米オープン,アレックス・デ=ミノー,3,7,圭,○,1,c,,,0,0,Deuce,1,0
177,201908全米オープン,アレックス・デ=ミノー,3,7,圭,○,2,c,136,,15,0,Ad,1,0
178,201908全米オープン,アレックス・デ=ミノー,3,7,圭,○,1,w,159,,30,0,Deuce,1,0
179,201908全米オープン,アレックス・デ=ミノー,3,7,圭,○,1,c,,,40,0,Ad,1,0
225,201908全米オープン,アレックス・デ=ミノー,3,8,簑,○,1,c,,,0,0,Deuce,1,0
226,201908全米オープン,アレックス・デ=ミノー,3,8,簑,×,2,c,,,15,0,Ad,0,1
227,201908全米オープン,アレックス・デ=ミノー,3,8,簑,×,1,c,170,,15,15,Deuce,0,1
228,201908全米オープン,アレックス・デ=ミノー,3,8,簑,○,1,c,197,,15,30,Ad,1,0
229,201908全米オープン,アレックス・デ=ミノー,3,8,簑,×,1,c,167,,30,30,Deuce,0,1
230,201908全米オープン,アレックス・デ=ミノー,3,8,簑,○,1,c,183,,30,40,Ad,1,0
231,201908全米オープン,アレックス・デ=ミノー,3,8,簑,×,1,c,,,40,40,Deuce,0,1
232,201908全米オープン,アレックス・デ=ミノー,3,8,簑,○,1,w,143,Aw,40,Ad,Ad,1,0
234,201908全米オープン,アレックス・デ=ミノー,3,8,簑,○,2,c,181,,Ad,40,Ad,1,0
0,201908全米オープン,アレックス・デ=ミノー,4,1,圭,○,1,w,157,,0,0,Deuce,1,0
1,201908全米オープン,アレックス・デ=ミノー,4,1,圭,×,1,c,,,15,0,Ad,0,1
2,201908全米オープン,アレックス・デ=ミノー,4,1,圭,×,1,c,,,15,15,Deuce,0,1
3,201908全米オープン,アレックス・デ=ミノー,4,1,圭,×,2,c,136,,15,30,Ad,0,1
4,201908全米オープン,アレックス・デ=ミノー,4,1,圭,×,1,c,,,15,40,Deuce,0,1
10,201908全米オープン,アレックス・デ=ミノー,4,2,簑,○,1,c,,,0,0,Deuce,1,0
11,201908全米オープン,アレックス・デ=ミノー,4,2,簑,○,2,c,149,,15,0,Ad,1,0
12,201908全米オープン,アレックス・デ=ミノー,4,2,簑,○,1,c,,,30,0,Deuce,1,0
13,201908全米オープン,アレックス・デ=ミノー,4,2,簑,×,2,w,146,,40,0,Ad,0,1
14,201908全米オープン,アレックス・デ=ミノー,4,2,簑,○,1,c,,,40,15,Deuce,1,0
25,201908全米オープン,アレックス・デ=ミノー,4,3,圭,○,1,c,175,,0,0,Deuce,1,0
26,201908全米オープン,アレックス・デ=ミノー,4,3,圭,○,1,c,177,,15,0,Ad,1,0
27,201908全米オープン,アレックス・デ=ミノー,4,3,圭,○,1,w,160,,30,0,Deuce,1,0
28,201908全米オープン,アレックス・デ=ミノー,4,3,圭,○,1,c,173,Ac,40,0,Ad,1,0
43,201908全米オープン,アレックス・デ=ミノー,4,4,簑,×,1,w,167,,0,0,Deuce,0,1
44,201908全米オープン,アレックス・デ=ミノー,4,4,簑,×,1,w,,,0,15,Ad,0,1
45,201908全米オープン,アレックス・デ=ミノー,4,4,簑,×,2,w,138,,0,30,Deuce,0,1
46,201908全米オープン,アレックス・デ=ミノー,4,4,簑,×,1,c,,,0,40,Ad,0,1
65,201908全米オープン,アレックス・デ=ミノー,4,5,圭,○,1,c,177,,0,0,Deuce,1,0
66,201908全米オープン,アレックス・デ=ミノー,4,5,圭,×,1,c,177,,15,0,Ad,0,1
67,201908全米オープン,アレックス・デ=ミノー,4,5,圭,○,1,c,,,15,15,Deuce,1,0
68,201908全米オープン,アレックス・デ=ミノー,4,5,圭,○,2,b,135,,30,15,Ad,1,0
69,201908全米オープン,アレックス・デ=ミノー,4,5,圭,×,1,c,,,40,15,Deuce,0,1
70,201908全米オープン,アレックス・デ=ミノー,4,5,圭,○,2,c,151,,40,30,Ad,1,0
95,201908全米オープン,アレックス・デ=ミノー,4,6,簑,×,1,w,162,,0,0,Deuce,0,1
96,201908全米オープン,アレックス・デ=ミノー,4,6,簑,×,1,c,,,0,15,Ad,0,1
97,201908全米オープン,アレックス・デ=ミノー,4,6,簑,×,2,b,,,0,30,Deuce,0,1
98,201908全米オープン,アレックス・デ=ミノー,4,6,簑,○,1,c,,,0,40,Ad,1,0
99,201908全米オープン,アレックス・デ=ミノー,4,6,簑,○,2,c,144,,15,40,Deuce,1,0
100,201908全米オープン,アレックス・デ=ミノー,4,6,簑,○,1,c,,,30,40,Ad,1,0
101,201908全米オープン,アレックス・デ=ミノー,4,6,簑,×,2,w,,,40,40,Deuce,0,1
102,201908全米オープン,アレックス・デ=ミノー,4,6,簑,×,1,c,,,40,Ad,Ad,0,1
135,201908全米オープン,アレックス・デ=ミノー,4,7,圭,×,1,c,168,,0,0,Deuce,0,1
136,201908全米オープン,アレックス・デ=ミノー,4,7,圭,×,1,w,170,,0,15,Ad,0,1
137,201908全米オープン,アレックス・デ=ミノー,4,7,圭,×,1,c,177,,0,30,Deuce,0,1
138,201908全米オープン,アレックス・デ=ミノー,4,7,圭,×,1,w,177,,0,40,Ad,0,1
175,201908全米オープン,アレックス・デ=ミノー,4,8,簑,×,1,w,152,,0,0,Deuce,0,1
176,201908全米オープン,アレックス・デ=ミノー,4,8,簑,×,1,w,194,,0,15,Ad,0,1
177,201908全米オープン,アレックス・デ=ミノー,4,8,簑,×,1,w,165,,0,30,Deuce,0,1
178,201908全米オープン,アレックス・デ=ミノー,4,8,簑,○,1,c,,,0,40,Ad,1,0
179,201908全米オープン,アレックス・デ=ミノー,4,8,簑,○,2,w,135,,15,40,Deuce,1,0
180,201908全米オープン,アレックス・デ=ミノー,4,8,簑,×,1,c,,,30,40,Ad,0,1
223,201908全米オープン,アレックス・デ=ミノー,4,9,圭,○,1,b,168,,0,0,Deuce,1,0
224,201908全米オープン,アレックス・デ=ミノー,4,9,圭,×,1,c,,,15,0,Ad,0,1
225,201908全米オープン,アレックス・デ=ミノー,4,9,圭,×,2,w,128,,15,15,Deuce,0,1
226,201908全米オープン,アレックス・デ=ミノー,4,9,圭,○,1,w,159,,15,30,Ad,1,0
227,201908全米オープン,アレックス・デ=ミノー,4,9,圭,×,1,w,181,,30,30,Deuce,0,1
228,201908全米オープン,アレックス・デ=ミノー,4,9,圭,×,1,w,160,,30,40,Ad,0,1
0,201908全米オープン,クラーン,1,1,蔵,×,〇,×,,,0,0,Deuce,0,1
1,201908全米オープン,クラーン,1,1,蔵,×,1,c,196,,0,15,Ad,0,1
2,201908全米オープン,クラーン,1,2,圭,○,1,c,,,0,0,Deuce,1,0
3,201908全米オープン,クラーン,1,2,圭,○,2,w,143,,15,0,Ad,1,0
4,201908全米オープン,クラーン,1,2,圭,○,1,c,170,,30,0,Deuce,1,0
5,201908全米オープン,クラーン,1,2,圭,○,1,c,,,40,0,Ad,1,0
12,201908全米オープン,クラーン,1,3,蔵,○,1,w,,,0,0,Deuce,1,0
13,201908全米オープン,クラーン,1,3,蔵,×,1,c,,,15,0,Ad,0,1
14,201908全米オープン,クラーン,1,3,蔵,○,1,c,,,15,15,Deuce,1,0
24,201908全米オープン,クラーン,1,4,圭,○,1,w,,,0,0,Deuce,1,0
25,201908全米オープン,クラーン,1,4,圭,○,1,b,143,,15,0,Ad,1,0
26,201908全米オープン,クラーン,1,4,圭,○,1,c,178,,30,0,Deuce,1,0
39,201908全米オープン,クラーン,1,5,蔵,×,1,c,204,,0,0,Deuce,0,1
40,201908全米オープン,クラーン,1,5,蔵,×,1,w,209,,0,15,Ad,0,1
41,201908全米オープン,クラーン,1,5,蔵,×,1,w,,,0,30,Deuce,0,1
42,201908全米オープン,クラーン,1,5,蔵,×,2,c,173,,0,40,Ad,0,1
59,201908全米オープン,クラーン,1,6,圭,×,1,c,,,0,0,Deuce,0,1
60,201908全米オープン,クラーン,1,6,圭,○,2,w,146,,0,15,Ad,1,0
61,201908全米オープン,クラーン,1,6,圭,○,1,c,,,15,15,Deuce,1,0
62,201908全米オープン,クラーン,1,6,圭,×,2,b,138,,30,15,Ad,0,1
63,201908全米オープン,クラーン,1,6,圭,○,1,w,160,,30,30,Deuce,1,0
64,201908全米オープン,クラーン,1,6,圭,○,1,b,,,40,30,Ad,1,0
87,201908全米オープン,クラーン,1,7,蔵,×,1,w,168,,0,0,Deuce,0,1
88,201908全米オープン,クラーン,1,7,蔵,○,1,w,,,0,15,Ad,1,0
89,201908全米オープン,クラーン,1,7,蔵,○,2,w,157,,15,15,Deuce,1,0
90,201908全米オープン,クラーン,1,7,蔵,×,1,c,201,,30,15,Ad,0,1
91,201908全米オープン,クラーン,1,7,蔵,×,1,c,202,,30,30,Deuce,0,1
92,201908全米オープン,クラーン,1,7,蔵,○,1,w,,,30,40,Ad,1,0
93,201908全米オープン,クラーン,1,7,蔵,○,2,b,162,,40,40,Deuce,1,0
94,201908全米オープン,クラーン,1,7,蔵,○,1,w,,,Ad,40,Ad,1,0
125,201908全米オープン,クラーン,1,8,圭,×,1,c,,,0,0,Deuce,0,1
126,201908全米オープン,クラーン,1,8,圭,○,2,d,,,0,15,Ad,1,0
127,201908全米オープン,クラーン,1,8,圭,×,1,w,,,15,15,Deuce,0,1
128,201908全米オープン,クラーン,1,8,圭,○,2,c,143,,15,30,Ad,1,0
129,201908全米オープン,クラーン,1,8,圭,○,1,w,,,30,30,Deuce,1,0
130,201908全米オープン,クラーン,1,8,圭,○,2,d,,,40,30,Ad,1,0
0,201908全米オープン,クラーン,2,1,蔵,×,1,w,,,0,0,Deuce,0,1
1,201908全米オープン,クラーン,2,1,蔵,×,2,w,165,,0,15,Ad,0,1
2,201908全米オープン,クラーン,2,1,蔵,×,1,w,183,Aw,0,30,Deuce,0,1
3,201908全米オープン,クラーン,2,1,蔵,×,1,w,209,,0,40,Ad,0,1
8,201908全米オープン,クラーン,2,2,圭,○,1,c,,,0,0,Deuce,1,0
9,201908全米オープン,クラーン,2,2,圭,×,2,c,143,,15,0,Ad,0,1
10,201908全米オープン,クラーン,2,2,圭,○,1,w,,,15,15,Deuce,1,0
11,201908全米オープン,クラーン,2,2,圭,○,2,c,140,,30,15,Ad,1,0
12,201908全米オープン,クラーン,2,2,圭,○,1,w,154,,40,15,Deuce,1,0
22,201908全米オープン,クラーン,2,3,蔵,○,1,c,,,0,0,Deuce,1,0
23,201908全米オープン,クラーン,2,3,蔵,○,2,d,,,15,0,Ad,1,0
24,201908全米オープン,クラーン,2,3,蔵,○,1,w,,,30,0,Deuce,1,0
25,201908全米オープン,クラーン,2,3,蔵,×,2,c,175,,40,0,Ad,0,1
26,201908全米オープン,クラーン,2,3,蔵,×,1,c,,,40,15,Deuce,0,1
27,201908全米オープン,クラーン,2,3,蔵,×,2,c,177,,40,30,Ad,0,1
28,201908全米オープン,クラーン,2,3,蔵,○,1,w,188,,40,40,Deuce,1,0
29,201908全米オープン,クラーン,2,3,蔵,○,1,w,,,Ad,40,Ad,1,0
47,201908全米オープン,クラーン,2,4,圭,○,1,w,,,0,0,Deuce,1,0
48,201908全米オープン,クラーン,2,4,圭,○,2,c,146,,15,0,Ad,1,0
49,201908全米オープン,クラーン,2,4,圭,×,1,c,160,,30,0,Deuce,0,1
50,201908全米オープン,クラーン,2,4,圭,○,1,c,,,30,15,Ad,1,0
51,201908全米オープン,クラーン,2,4,圭,○,2,w,,,40,15,Deuce,1,0
74,201908全米オープン,クラーン,2,5,蔵,×,1,c,,,0,0,Deuce,0,1
75,201908全米オープン,クラーン,2,5,蔵,○,2,w,172,,0,15,Ad,1,0
76,201908全米オープン,クラーン,2,5,蔵,×,1,c,,,15,15,Deuce,0,1
77,201908全米オープン,クラーン,2,5,蔵,×,2,c,194,,15,30,Ad,0,1
78,201908全米オープン,クラーン,2,5,蔵,×,1,w,201,,15,40,Deuce,0,1
106,201908全米オープン,クラーン,2,6,圭,○,1,w,160,,0,0,Deuce,1,0
107,201908全米オープン,クラーン,2,6,圭,×,1,w,180,,15,0,Ad,0,1
108,201908全米オープン,クラーン,2,6,圭,○,1,w,,,15,15,Deuce,1,0
109,201908全米オープン,クラーン,2,6,圭,×,2,w,149,,30,15,Ad,0,1
110,201908全米オープン,クラーン,2,6,圭,○,1,c,175,,30,30,Deuce,1,0
111,201908全米オープン,クラーン,2,6,圭,×,1,w,151,,40,30,Ad,0,1
112,201908全米オープン,クラーン,2,6,圭,○,1,w,,,40,40,Deuce,1,0
113,201908全米オープン,クラーン,2,6,圭,○,2,c,131,,Ad,40,Ad,1,0
149,201908全米オープン,クラーン,2,7,蔵,×,1,c,197,,0,0,Deuce,0,1
150,201908全米オープン,クラーン,2,7,蔵,×,1,c,,Ac,0,15,Ad,0,1
151,201908全米オープン,クラーン,2,7,蔵,×,1,c,205,,0,30,Deuce,0,1
152,201908全米オープン,クラーン,2,7,蔵,×,1,c,197,Ac,0,40,Ad,0,1
192,201908全米オープン,クラーン,2,8,圭,×,1,w,159,,0,0,Deuce,0,1
193,201908全米オープン,クラーン,2,8,圭,×,1,w,,,0,15,Ad,0,1
194,201908全米オープン,クラーン,2,8,圭,×,2,w,133,,0,30,Deuce,0,1
195,201908全米オープン,クラーン,2,8,圭,○,1,c,,,0,40,Ad,1,0
196,201908全米オープン,クラーン,2,8,圭,○,2,w,148,,15,40,Deuce,1,0
197,201908全米オープン,クラーン,2,8,圭,×,1,w,177,,30,40,Ad,0,1
243,201908全米オープン,クラーン,2,9,蔵,○,1,c,,,0,0,Deuce,1,0
244,201908全米オープン,クラーン,2,9,蔵,×,2,w,,,15,0,Ad,0,1
245,201908全米オープン,クラーン,2,9,蔵,×,1,c,204,,15,15,Deuce,0,1
246,201908全米オープン,クラーン,2,9,蔵,×,1,c,201,Ac,15,30,Ad,0,1
247,201908全米オープン,クラーン,2,9,蔵,×,1,w,183,Aw,15,40,Deuce,0,1
298,201908全米オープン,クラーン,2,10,圭,×,1,w,,,0,0,Deuce,0,1
299,201908全米オープン,クラーン,2,10,圭,○,2,w,143,,0,15,Ad,1,0
300,201908全米オープン,クラーン,2,10,圭,×,1,c,168,,15,15,Deuce,0,1
301,201908全米オープン,クラーン,2,10,圭,×,1,w,157,,15,30,Ad,0,1
302,201908全米オープン,クラーン,2,10,圭,×,1,c,162,,15,40,Deuce,0,1
0,201908全米オープン,クラーン,3,1,蔵,×,1,c,201,,0,0,Deuce,0,1
1,201908全米オープン,クラーン,3,1,蔵,×,1,w,185,,0,15,Ad,0,1
2,201908全米オープン,クラーン,3,1,蔵,×,1,w,,,0,30,Deuce,0,1
3,201908全米オープン,クラーン,3,1,蔵,○,2,v,168,,0,40,Ad,1,0
4,201908全米オープン,クラーン,3,1,蔵,×,1,c,,,15,40,Deuce,0,1
10,201908全米オープン,クラーン,3,2,圭,×,1,w,,,0,0,Deuce,0,1
11,201908全米オープン,クラーン,3,2,圭,○,2,c,144,,0,15,Ad,1,0
12,201908全米オープン,クラーン,3,2,圭,○,1,b,,,15,15,Deuce,1,0
13,201908全米オープン,クラーン,3,2,圭,○,2,b,127,,30,15,Ad,1,0
14,201908全米オープン,クラーン,3,2,圭,×,1,c,180,,40,15,Deuce,0,1
15,201908全米オープン,クラーン,3,2,圭,○,1,w,160,,40,30,Ad,1,0
27,201908全米オープン,クラーン,3,3,蔵,○,1,w,,,0,0,Deuce,1,0
28,201908全米オープン,クラーン,3,3,蔵,○,2,w,164,,15,0,Ad,1,0
29,201908全米オープン,クラーン,3,3,蔵,×,1,c,,,30,0,Deuce,0,1
30,201908全米オープン,クラーン,3,3,蔵,○,2,w,160,,30,15,Ad,1,0
31,201908全米オープン,クラーン,3,3,蔵,×,1,c,199,,40,15,Deuce,0,1
32,201908全米オープン,クラーン,3,3,蔵,×,1,w,,,40,30,Ad,0,1
33,201908全米オープン,クラーン,3,3,蔵,×,2,c,177,,40,40,Deuce,0,1
34,201908全米オープン,クラーン,3,3,蔵,×,1,c,196,,40,Ad,Ad,0,1
54,201908全米オープン,クラーン,3,4,圭,×,1,c,,,0,0,Deuce,0,1
55,201908全米オープン,クラーン,3,4,圭,○,2,w,141,,0,15,Ad,1,0
56,201908全米オープン,クラーン,3,4,圭,○,1,b,167,,15,15,Deuce,1,0
57,201908全米オープン,クラーン,3,4,圭,○,1,c,188,,30,15,Ad,1,0
58,201908全米オープン,クラーン,3,4,圭,○,1,c,,,40,15,Deuce,1,0
83,201908全米オープン,クラーン,3,5,蔵,○,1,w,,,0,0,Deuce,1,0
84,201908全米オープン,クラーン,3,5,蔵,○,2,c,173,,15,0,Ad,1,0
85,201908全米オープン,クラーン,3,5,蔵,×,1,c,,,30,0,Deuce,0,1
86,201908全米オープン,クラーン,3,5,蔵,○,2,w,162,,30,15,Ad,1,0
87,201908全米オープン,クラーン,3,5,蔵,○,1,w,191,,40,15,Deuce,1,0
117,201908全米オープン,クラーン,3,6,圭,○,1,c,,,0,0,Deuce,1,0
118,201908全米オープン,クラーン,3,6,圭,○,1,w,127,,15,0,Ad,1,0
119,201908全米オープン,クラーン,3,6,圭,○,1,c,,,30,0,Deuce,1,0
120,201908全米オープン,クラーン,3,6,圭,×,2,c,140,,40,0,Ad,0,1
121,201908全米オープン,クラーン,3,6,圭,○,1,w,160,,40,15,Deuce,1,0
156,201908全米オープン,クラーン,3,7,蔵,×,1,c,201,,0,0,Deuce,0,1
157,201908全米オープン,クラーン,3,7,蔵,○,1,c,212,Ac,0,15,Ad,1,0
158,201908全米オープン,クラーン,3,7,蔵,×,1,w,194,,15,15,Deuce,0,1
159,201908全米オープン,クラーン,3,7,蔵,×,1,w,175,,15,30,Ad,0,1
160,201908全米オープン,クラーン,3,7,蔵,×,1,w,,,15,40,Deuce,0,1
200,201908全米オープン,クラーン,3,8,圭,×,1,c,178,,0,0,Deuce,0,1
201,201908全米オープン,クラーン,3,8,圭,○,1,w,164,,0,15,Ad,1,0
202,201908全米オープン,クラーン,3,8,圭,○,1,c,180,,15,15,Deuce,1,0
203,201908全米オープン,クラーン,3,8,圭,×,1,c,167,,30,15,Ad,0,1
204,201908全米オープン,クラーン,3,8,圭,×,1,c,191,,30,30,Deuce,0,1
205,201908全米オープン,クラーン,3,8,圭,○,1,c,168,,30,40,Ad,1,0
206,201908全米オープン,クラーン,3,8,圭,○,1,c,178,,40,40,Deuce,1,0
207,201908全米オープン,クラーン,3,8,圭,○,1,w,164,,Ad,40,Ad,1,0
255,201908全米オープン,クラーン,3,9,蔵,○,1,c,,,0,0,Deuce,1,0
256,201908全米オープン,クラーン,3,9,蔵,×,2,c,181,,15,0,Ad,0,1
257,201908全米オープン,クラーン,3,9,蔵,×,1,c,201,,15,15,Deuce,0,1
258,201908全米オープン,クラーン,3,9,蔵,○,1,w,210,,15,30,Ad,1,0
259,201908全米オープン,クラーン,3,9,蔵,○,1,w,183,,30,30,Deuce,1,0
260,201908全米オープン,クラーン,3,9,蔵,×,1,w,194,,40,30,Ad,0,1
261,201908全米オープン,クラーン,3,9,蔵,○,1,c,,Ac,40,40,Deuce,1,0
262,201908全米オープン,クラーン,3,9,蔵,×,1,c,209,,Ad,40,Ad,0,1
0,201908全米オープン,クラーン,4,1,圭,○,1,w,,,0,0,Deuce,1,0
1,201908全米オープン,クラーン,4,1,圭,○,2,b,148,,15,0,Ad,1,0
2,201908全米オープン,クラーン,4,1,圭,○,1,c,148,,30,0,Deuce,1,0
3,201908全米オープン,クラーン,4,1,圭,○,1,c,173,,40,0,Ad,1,0
8,201908全米オープン,クラーン,4,2,蔵,○,1,c,,,0,0,Deuce,1,0
9,201908全米オープン,クラーン,4,2,蔵,○,2,c,170,,15,0,Ad,1,0
10,201908全米オープン,クラーン,4,2,蔵,×,1,w,,,30,0,Deuce,0,1
11,201908全米オープン,クラーン,4,2,蔵,×,1,c,,,30,15,Ad,0,1
12,201908全米オープン,クラーン,4,2,蔵,○,1,c,,,30,30,Deuce,1,0
13,201908全米オープン,クラーン,4,2,蔵,○,2,w,165,,40,30,Ad,1,0
24,201908全米オープン,クラーン,4,3,圭,×,1,b,165,,0,0,Deuce,0,1
25,201908全米オープン,クラーン,4,3,圭,○,1,w,165,,0,15,Ad,1,0
26,201908全米オープン,クラーン,4,3,圭,○,1,b,170,,15,15,Deuce,1,0
27,201908全米オープン,クラーン,4,3,圭,○,1,w,,,30,15,Ad,1,0
28,201908全米オープン,クラーン,4,3,圭,○,2,b,117,,40,15,Deuce,1,0
44,201908全米オープン,クラーン,4,4,蔵,○,1,c,202,,0,0,Deuce,1,0
45,201908全米オープン,クラーン,4,4,蔵,×,1,w,191,,15,0,Ad,0,1
46,201908全米オープン,クラーン,4,4,蔵,×,1,w,204,,15,15,Deuce,0,1
47,201908全米オープン,クラーン,4,4,蔵,○,1,c,209,,15,30,Ad,1,0
48,201908全米オープン,クラーン,4,4,蔵,○,1,w,,,30,30,Deuce,1,0
49,201908全米オープン,クラーン,4,4,蔵,×,2,w,178,,40,30,Ad,0,1
50,201908全米オープン,クラーン,4,4,蔵,×,1,w,181,,40,40,Deuce,0,1
51,201908全米オープン,クラーン,4,4,蔵,○,1,c,197,Ac,40,Ad,Ad,1,0
79,201908全米オープン,クラーン,4,5,圭,○,1,w,,,0,0,Deuce,1,0
80,201908全米オープン,クラーン,4,5,圭,×,1,b,143,,15,0,Ad,0,1
81,201908全米オープン,クラーン,4,5,圭,○,1,w,178,,15,15,Deuce,1,0
82,201908全米オープン,クラーン,4,5,圭,○,1,w,159,,30,15,Ad,1,0
83,201908全米オープン,クラーン,4,5,圭,○,1,w,,,40,15,Deuce,1,0
114,201908全米オープン,クラーン,4,6,蔵,×,1,c,207,,0,0,Deuce,0,1
115,201908全米オープン,クラーン,4,6,蔵,×,1,c,199,Ac,0,15,Ad,0,1
116,201908全米オープン,クラーン,4,6,蔵,○,1,w,,,0,30,Deuce,1,0
117,201908全米オープン,クラーン,4,6,蔵,○,2,c,207,,15,30,Ad,1,0
118,201908全米オープン,クラーン,4,6,蔵,×,1,w,167,,30,30,Deuce,0,1
119,201908全米オープン,クラーン,4,6,蔵,○,1,w,194,Aw,30,40,Ad,1,0
120,201908全米オープン,クラーン,4,6,蔵,×,1,c,,,40,40,Deuce,0,1
121,201908全米オープン,クラーン,4,6,蔵,○,2,c,178,,40,Ad,Ad,1,0
123,201908全米オープン,クラーン,4,6,蔵,○,1,w,,,Ad,40,Ad,1,0
164,201908全米オープン,クラーン,4,7,圭,×,1,c,178,,0,0,Deuce,0,1
165,201908全米オープン,クラーン,4,7,圭,○,1,c,170,,0,15,Ad,1,0
166,201908全米オープン,クラーン,4,7,圭,○,1,w,,,15,15,Deuce,1,0
167,201908全米オープン,クラーン,4,7,圭,×,2,b,149,,30,15,Ad,0,1
168,201908全米オープン,クラーン,4,7,圭,○,1,c,,,30,30,Deuce,1,0
169,201908全米オープン,クラーン,4,7,圭,×,2,c,143,,40,30,Ad,0,1
170,201908全米オープン,クラーン,4,7,圭,×,1,w,149,,40,40,Deuce,0,1
171,201908全米オープン,クラーン,4,7,圭,○,1,c,,,40,Ad,Ad,1,0
224,201908全米オープン,クラーン,4,8,蔵,○,1,c,199,,0,0,Deuce,1,0
225,201908全米オープン,クラーン,4,8,蔵,×,1,c,207,,15,0,Ad,0,1
226,201908全米オープン,クラーン,4,8,蔵,×,1,c,168,,15,15,Deuce,0,1
227,201908全米オープン,クラーン,4,8,蔵,×,1,c,,,15,30,Ad,0,1
228,201908全米オープン,クラーン,4,8,蔵,×,2,c,170,,15,40,Deuce,0,1
284,201908全米オープン,クラーン,4,9,圭,×,1,w,,,0,0,Deuce,0,1
285,201908全米オープン,クラーン,4,9,圭,×,2,w,131,,0,15,Ad,0,1
286,201908全米オープン,クラーン,4,9,圭,×,1,w,,,0,30,Deuce,0,1
287,201908全米オープン,クラーン,4,9,圭,○,2,c,131,,0,40,Ad,1,0
288,201908全米オープン,クラーン,4,9,圭,×,1,w,156,,15,40,Deuce,0,1
349,201908全米オープン,クラーン,4,10,蔵,○,1,c,,,0,0,Deuce,1,0
350,201908全米オープン,クラーン,4,10,蔵,○,1,w,,,15,0,Ad,1,0
351,201908全米オープン,クラーン,4,10,蔵,×,2,w,164,,30,0,Deuce,0,1
352,201908全米オープン,クラーン,4,10,蔵,×,1,w,,,30,15,Ad,0,1
353,201908全米オープン,クラーン,4,10,蔵,○,2,w,162,,30,30,Deuce,1,0
354,201908全米オープン,クラーン,4,10,蔵,×,1,w,173,,40,30,Ad,0,1
355,201908全米オープン,クラーン,4,10,蔵,×,1,w,,,40,40,Deuce,0,1
356,201908全米オープン,クラーン,4,10,蔵,×,2,w,164,,40,Ad,Ad,0,1
425,201908全米オープン,クラーン,4,11,圭,○,1,w,151,,0,0,Deuce,1,0
426,201908全米オープン,クラーン,4,11,圭,○,1,b,157,,15,0,Ad,1,0
427,201908全米オープン,クラーン,4,11,圭,○,1,w,,,30,0,Deuce,1,0
428,201908全米オープン,クラーン,4,11,圭,○,2,c,154,,40,0,Ad,1,0
501,201908全米オープン,クラーン,4,12,蔵,○,1,c,,,0,0,Deuce,1,0
502,201908全米オープン,クラーン,4,12,蔵,○,2,c,199,,15,0,Ad,1,0
503,201908全米オープン,クラーン,4,12,蔵,○,1,c,,,30,0,Deuce,1,0
504,201908全米オープン,クラーン,4,12,蔵,×,2,w,,,40,0,Ad,0,1
505,201908全米オープン,クラーン,4,12,蔵,×,1,w,,,40,15,Deuce,0,1
506,201908全米オープン,クラーン,4,12,蔵,○,2,w,164,,40,30,Ad,1,0
0,201908全米オープン,トゥルンゲリティ,1,1,鶴,○,1,w,188,,0,0,Deuce,1,0
1,201908全米オープン,トゥルンゲリティ,1,1,鶴,○,1,w,,,15,0,Ad,1,0
2,201908全米オープン,トゥルンゲリティ,1,1,鶴,○,2,b,111,,30,0,Deuce,1,0
3,201908全米オープン,トゥルンゲリティ,1,1,鶴,×,1,w,,,40,0,Ad,0,1
4,201908全米オープン,トゥルンゲリティ,1,1,鶴,○,2,c,151,,40,15,Deuce,1,0
10,201908全米オープン,トゥルンゲリティ,1,2,圭,○,1,w,157,,0,0,Deuce,1,0
11,201908全米オープン,トゥルンゲリティ,1,2,圭,○,1,w,159,,15,0,Ad,1,0
12,201908全米オープン,トゥルンゲリティ,1,2,圭,○,1,w,157,,30,0,Deuce,1,0
13,201908全米オープン,トゥルンゲリティ,1,2,圭,×,1,b,,,40,0,Ad,0,1
14,201908全米オープン,トゥルンゲリティ,1,2,圭,×,2,d,,,40,15,Deuce,0,1
15,201908全米オープン,トゥルンゲリティ,1,2,圭,×,1,b,,,40,30,Ad,0,1
16,201908全米オープン,トゥルンゲリティ,1,2,圭,○,2,d,,,40,40,Deuce,1,0
17,201908全米オープン,トゥルンゲリティ,1,2,圭,○,1,w,168,,Ad,40,Ad,1,0
31,201908全米オープン,トゥルンゲリティ,1,3,鶴,○,1,c,,,0,0,Deuce,1,0
32,201908全米オープン,トゥルンゲリティ,1,3,鶴,○,2,b,143,,15,0,Ad,1,0
33,201908全米オープン,トゥルンゲリティ,1,3,鶴,○,1,w,,,30,0,Deuce,1,0
34,201908全米オープン,トゥルンゲリティ,1,3,鶴,○,2,w,135,,40,0,Ad,1,0
52,201908全米オープン,トゥルンゲリティ,1,4,圭,○,1,w,151,,0,0,Deuce,1,0
53,201908全米オープン,トゥルンゲリティ,1,4,圭,×,1,w,,,15,0,Ad,0,1
54,201908全米オープン,トゥルンゲリティ,1,4,圭,×,1,c,,,15,15,Deuce,0,1
55,201908全米オープン,トゥルンゲリティ,1,4,圭,○,2,c,148,,15,30,Ad,1,0
56,201908全米オープン,トゥルンゲリティ,1,4,圭,○,1,w,,,30,30,Deuce,1,0
57,201908全米オープン,トゥルンゲリティ,1,4,圭,×,2,w,135,,40,30,Ad,0,1
58,201908全米オープン,トゥルンゲリティ,1,4,圭,○,1,c,,,40,40,Deuce,1,0
59,201908全米オープン,トゥルンゲリティ,1,4,圭,○,2,b,148,,Ad,40,Ad,1,0
85,201908全米オープン,トゥルンゲリティ,1,5,鶴,×,1,w,,,0,0,Deuce,0,1
86,201908全米オープン,トゥルンゲリティ,1,5,鶴,×,2,b,151,,0,15,Ad,0,1
87,201908全米オープン,トゥルンゲリティ,1,5,鶴,×,1,w,151,,0,30,Deuce,0,1
88,201908全米オープン,トゥルンゲリティ,1,5,鶴,×,1,c,,,0,40,Ad,0,1
118,201908全米オープン,トゥルンゲリティ,1,6,圭,○,1,c,,,0,0,Deuce,1,0
119,201908全米オープン,トゥルンゲリティ,1,6,圭,○,2,b,141,,15,0,Ad,1,0
120,201908全米オープン,トゥルンゲリティ,1,6,圭,○,1,w,141,,30,0,Deuce,1,0
121,201908全米オープン,トゥルンゲリティ,1,6,圭,○,1,c,172,,40,0,Ad,1,0
155,201908全米オープン,トゥルンゲリティ,1,7,鶴,○,1,w,,,0,0,Deuce,1,0
156,201908全米オープン,トゥルンゲリティ,1,7,鶴,○,2,w,167,,15,0,Ad,1,0
157,201908全米オープン,トゥルンゲリティ,1,7,鶴,○,1,w,,,30,0,Deuce,1,0
158,201908全米オープン,トゥルンゲリティ,1,7,鶴,×,2,w,140,,40,0,Ad,0,1
159,201908全米オープン,トゥルンゲリティ,1,7,鶴,×,1,w,,,40,15,Deuce,0,1
160,201908全米オープン,トゥルンゲリティ,1,7,鶴,○,2,b,156,,40,30,Ad,1,0
0,201908全米オープン,トゥルンゲリティ,2,1,圭,○,1,c,,,0,0,Deuce,1,0
1,201908全米オープン,トゥルンゲリティ,2,1,圭,○,2,b,144,,15,0,Ad,1,0
2,201908全米オープン,トゥルンゲリティ,2,1,圭,×,1,c,165,,30,0,Deuce,0,1
3,201908全米オープン,トゥルンゲリティ,2,1,圭,○,1,w,,,30,15,Ad,1,0
4,201908全米オープン,トゥルンゲリティ,2,1,圭,○,2,c,146,,40,15,Deuce,1,0
10,201908全米オープン,トゥルンゲリティ,2,2,鶴,○,1,w,,,0,0,Deuce,1,0
11,201908全米オープン,トゥルンゲリティ,2,2,鶴,○,2,w,159,,15,0,Ad,1,0
12,201908全米オープン,トゥルンゲリティ,2,2,鶴,×,1,w,,,30,0,Deuce,0,1
13,201908全米オープン,トゥルンゲリティ,2,2,鶴,○,1,w,181,,30,15,Ad,1,0
14,201908全米オープン,トゥルンゲリティ,2,2,鶴,○,1,w,,,40,15,Deuce,1,0
25,201908全米オープン,トゥルンゲリティ,2,3,圭,○,1,w,151,,0,0,Deuce,1,0
26,201908全米オープン,トゥルンゲリティ,2,3,圭,○,1,w,,,15,0,Ad,1,0
27,201908全米オープン,トゥルンゲリティ,2,3,圭,○,2,w,160,,30,0,Deuce,1,0
28,201908全米オープン,トゥルンゲリティ,2,3,圭,○,1,c,,,40,0,Ad,1,0
43,201908全米オープン,トゥルンゲリティ,2,4,鶴,○,1,c,,,0,0,Deuce,1,0
44,201908全米オープン,トゥルンゲリティ,2,4,鶴,×,2,c,146,,15,0,Ad,0,1
45,201908全米オープン,トゥルンゲリティ,2,4,鶴,×,1,w,,,15,15,Deuce,0,1
46,201908全米オープン,トゥルンゲリティ,2,4,鶴,×,2,b,146,,15,30,Ad,0,1
47,201908全米オープン,トゥルンゲリティ,2,4,鶴,×,1,w,170,,15,40,Deuce,0,1
67,201908全米オープン,トゥルンゲリティ,2,5,圭,○,1,c,172,Ac,0,0,Deuce,1,0
68,201908全米オープン,トゥルンゲリティ,2,5,圭,○,1,w,172,,15,0,Ad,1,0
69,201908全米オープン,トゥルンゲリティ,2,5,圭,○,1,w,157,,30,0,Deuce,1,0
70,201908全米オープン,トゥルンゲリティ,2,5,圭,×,1,w,,,40,0,Ad,0,1
71,201908全米オープン,トゥルンゲリティ,2,5,圭,×,1,b,,,40,15,Deuce,0,1
72,201908全米オープン,トゥルンゲリティ,2,5,圭,○,2,b,143,,40,30,Ad,1,0
98,201908全米オープン,トゥルンゲリティ,2,6,鶴,○,1,c,175,,0,0,Deuce,1,0
99,201908全米オープン,トゥルンゲリティ,2,6,鶴,×,1,w,167,,15,0,Ad,0,1
100,201908全米オープン,トゥルンゲリティ,2,6,鶴,○,1,w,,,15,15,Deuce,1,0
101,201908全米オープン,トゥルンゲリティ,2,6,鶴,○,1,w,168,,30,15,Ad,1,0
